transactions_block_id_fkey,transactions,pronamespace,blocks,oid
fk_block_id,transactions,pronamespace,blocks,oid
fk_user_id,transactions,prosupport,users,oid
fk_sender_id,transactions,prokind,users,oid
fk_sender,transactions,prokind,users,oid
fk_receiver_id,transactions,prosecdef,users,oid
fk_receiver,transactions,prosecdef,users,oid
transactions_block_id_fkey,transactions,typnamespace,blocks,oid
fk_block_id,transactions,typnamespace,blocks,oid
fk_user_id,transactions,typispreferred,users,oid
fk_sender_id,transactions,typisdefined,users,oid
fk_sender,transactions,typisdefined,users,oid
fk_receiver_id,transactions,typdelim,users,oid
fk_receiver,transactions,typdelim,users,oid
transactions_block_id_fkey,transactions,atttypid,blocks,oid
fk_block_id,transactions,atttypid,blocks,oid
fk_user_id,transactions,atttypmod,users,oid
fk_sender_id,transactions,attbyval,users,oid
fk_sender,transactions,attbyval,users,oid
fk_receiver_id,transactions,attalign,users,oid
fk_receiver,transactions,attalign,users,oid
transactions_block_id_fkey,transactions,relnamespace,blocks,oid
fk_block_id,transactions,relnamespace,blocks,oid
fk_user_id,transactions,reltablespace,users,oid
fk_sender_id,transactions,relpages,users,oid
fk_sender,transactions,relpages,users,oid
fk_receiver_id,transactions,reltuples,users,oid
fk_receiver,transactions,reltuples,users,oid
transactions_block_id_fkey,transactions,adnum,blocks,oid
fk_block_id,transactions,adnum,blocks,oid
transactions_block_id_fkey,transactions,connamespace,blocks,oid
fk_block_id,transactions,connamespace,blocks,oid
fk_user_id,transactions,contypid,users,oid
fk_sender_id,transactions,conindid,users,oid
fk_sender,transactions,conindid,users,oid
fk_receiver_id,transactions,conparentid,users,oid
fk_receiver,transactions,conparentid,users,oid
transactions_block_id_fkey,transactions,inhseqno,blocks,oid
fk_block_id,transactions,inhseqno,blocks,oid
transactions_block_id_fkey,transactions,indnatts,blocks,oid
fk_block_id,transactions,indnatts,blocks,oid
fk_user_id,transactions,indimmediate,users,oid
fk_sender_id,transactions,indisclustered,users,oid
fk_sender,transactions,indisclustered,users,oid
fk_receiver_id,transactions,indisvalid,users,oid
fk_receiver,transactions,indisvalid,users,oid
transactions_block_id_fkey,transactions,oprnamespace,blocks,oid
fk_block_id,transactions,oprnamespace,blocks,oid
fk_user_id,transactions,oprright,users,oid
fk_sender_id,transactions,oprresult,users,oid
fk_sender,transactions,oprresult,users,oid
fk_receiver_id,transactions,oprcom,users,oid
fk_receiver,transactions,oprcom,users,oid
transactions_block_id_fkey,transactions,opfname,blocks,oid
fk_block_id,transactions,opfname,blocks,oid
transactions_block_id_fkey,transactions,opcname,blocks,oid
fk_block_id,transactions,opcname,blocks,oid
fk_user_id,transactions,opckeytype,users,oid
transactions_block_id_fkey,transactions,amhandler,blocks,oid
fk_block_id,transactions,amhandler,blocks,oid
transactions_block_id_fkey,transactions,amoplefttype,blocks,oid
fk_block_id,transactions,amoplefttype,blocks,oid
fk_user_id,transactions,amopsortfamily,users,oid
transactions_block_id_fkey,transactions,amproclefttype,blocks,oid
fk_block_id,transactions,amproclefttype,blocks,oid
transactions_block_id_fkey,transactions,lanowner,blocks,oid
fk_block_id,transactions,lanowner,blocks,oid
fk_user_id,transactions,lanacl,users,oid
transactions_block_id_fkey,transactions,lomacl,blocks,oid
fk_block_id,transactions,lomacl,blocks,oid
transactions_block_id_fkey,transactions,data,blocks,oid
fk_block_id,transactions,data,blocks,oid
transactions_block_id_fkey,transactions,aggnumdirectargs,blocks,oid
fk_block_id,transactions,aggnumdirectargs,blocks,oid
fk_user_id,transactions,aggmtransfn,users,oid
fk_sender_id,transactions,aggminvtransfn,users,oid
fk_sender,transactions,aggminvtransfn,users,oid
fk_receiver_id,transactions,aggmfinalfn,users,oid
fk_receiver,transactions,aggmfinalfn,users,oid
transactions_block_id_fkey,transactions,stainherit,blocks,oid
fk_block_id,transactions,stainherit,blocks,oid
fk_user_id,transactions,stakind3,users,oid
fk_sender_id,transactions,stakind4,users,oid
fk_sender,transactions,stakind4,users,oid
fk_receiver_id,transactions,stakind5,users,oid
fk_receiver,transactions,stakind5,users,oid
transactions_block_id_fkey,transactions,stxname,blocks,oid
fk_block_id,transactions,stxname,blocks,oid
fk_user_id,transactions,stxexprs,users,oid
transactions_block_id_fkey,transactions,stxdndistinct,blocks,oid
fk_block_id,transactions,stxdndistinct,blocks,oid
transactions_block_id_fkey,transactions,ev_class,blocks,oid
fk_block_id,transactions,ev_class,blocks,oid
transactions_block_id_fkey,transactions,tgparentid,blocks,oid
fk_block_id,transactions,tgparentid,blocks,oid
fk_user_id,transactions,tgconstrrelid,users,oid
fk_sender_id,transactions,tgconstrindid,users,oid
fk_sender,transactions,tgconstrindid,users,oid
fk_receiver_id,transactions,tgconstraint,users,oid
fk_receiver,transactions,tgconstraint,users,oid
transactions_block_id_fkey,transactions,evtevent,blocks,oid
fk_block_id,transactions,evtevent,blocks,oid
transactions_block_id_fkey,transactions,objsubid,blocks,oid
fk_block_id,transactions,objsubid,blocks,oid
transactions_block_id_fkey,transactions,casttarget,blocks,oid
fk_block_id,transactions,casttarget,blocks,oid
transactions_block_id_fkey,transactions,enumsortorder,blocks,oid
fk_block_id,transactions,enumsortorder,blocks,oid
transactions_block_id_fkey,transactions,nspowner,blocks,oid
fk_block_id,transactions,nspowner,blocks,oid
transactions_block_id_fkey,transactions,connamespace,blocks,oid
fk_block_id,transactions,connamespace,blocks,oid
transactions_block_id_fkey,transactions,objsubid,blocks,oid
fk_block_id,transactions,objsubid,blocks,oid
transactions_block_id_fkey,transactions,datdba,blocks,oid
fk_block_id,transactions,datdba,blocks,oid
fk_user_id,transactions,datfrozenxid,users,oid
fk_sender_id,transactions,datminmxid,users,oid
fk_sender,transactions,datminmxid,users,oid
fk_receiver_id,transactions,dattablespace,users,oid
fk_receiver,transactions,dattablespace,users,oid
transactions_block_id_fkey,transactions,setconfig,blocks,oid
fk_block_id,transactions,setconfig,blocks,oid
transactions_block_id_fkey,transactions,spcowner,blocks,oid
fk_block_id,transactions,spcowner,blocks,oid
transactions_block_id_fkey,transactions,rolsuper,blocks,oid
fk_block_id,transactions,rolsuper,blocks,oid
fk_user_id,transactions,rolbypassrls,users,oid
fk_sender_id,transactions,rolconnlimit,users,oid
fk_sender,transactions,rolconnlimit,users,oid
fk_receiver_id,transactions,rolpassword,users,oid
fk_receiver,transactions,rolpassword,users,oid
transactions_block_id_fkey,transactions,grantor,blocks,oid
fk_block_id,transactions,grantor,blocks,oid
transactions_block_id_fkey,transactions,objid,blocks,oid
fk_block_id,transactions,objid,blocks,oid
transactions_block_id_fkey,transactions,description,blocks,oid
fk_block_id,transactions,description,blocks,oid
transactions_block_id_fkey,transactions,cfgnamespace,blocks,oid
fk_block_id,transactions,cfgnamespace,blocks,oid
transactions_block_id_fkey,transactions,mapseqno,blocks,oid
fk_block_id,transactions,mapseqno,blocks,oid
transactions_block_id_fkey,transactions,dictnamespace,blocks,oid
fk_block_id,transactions,dictnamespace,blocks,oid
transactions_block_id_fkey,transactions,prsnamespace,blocks,oid
fk_block_id,transactions,prsnamespace,blocks,oid
transactions_block_id_fkey,transactions,tmplnamespace,blocks,oid
fk_block_id,transactions,tmplnamespace,blocks,oid
transactions_block_id_fkey,transactions,extowner,blocks,oid
fk_block_id,transactions,extowner,blocks,oid
transactions_block_id_fkey,transactions,fdwowner,blocks,oid
fk_block_id,transactions,fdwowner,blocks,oid
transactions_block_id_fkey,transactions,srvowner,blocks,oid
fk_block_id,transactions,srvowner,blocks,oid
transactions_block_id_fkey,transactions,umserver,blocks,oid
fk_block_id,transactions,umserver,blocks,oid
transactions_block_id_fkey,transactions,ftoptions,blocks,oid
fk_block_id,transactions,ftoptions,blocks,oid
transactions_block_id_fkey,transactions,polrelid,blocks,oid
fk_block_id,transactions,polrelid,blocks,oid
transactions_block_id_fkey,transactions,defaclnamespace,blocks,oid
fk_block_id,transactions,defaclnamespace,blocks,oid
transactions_block_id_fkey,transactions,objsubid,blocks,oid
fk_block_id,transactions,objsubid,blocks,oid
transactions_block_id_fkey,transactions,objsubid,blocks,oid
fk_block_id,transactions,objsubid,blocks,oid
transactions_block_id_fkey,transactions,provider,blocks,oid
fk_block_id,transactions,provider,blocks,oid
transactions_block_id_fkey,transactions,collnamespace,blocks,oid
fk_block_id,transactions,collnamespace,blocks,oid
fk_user_id,transactions,collctype,users,oid
fk_sender_id,transactions,colliculocale,users,oid
fk_sender,transactions,colliculocale,users,oid
fk_receiver_id,transactions,collversion,users,oid
fk_receiver,transactions,collversion,users,oid
transactions_block_id_fkey,transactions,paracl,blocks,oid
fk_block_id,transactions,paracl,blocks,oid
transactions_block_id_fkey,transactions,partnatts,blocks,oid
fk_block_id,transactions,partnatts,blocks,oid
transactions_block_id_fkey,transactions,rngmultitypid,blocks,oid
fk_block_id,transactions,rngmultitypid,blocks,oid
transactions_block_id_fkey,transactions,trflang,blocks,oid
fk_block_id,transactions,trflang,blocks,oid
transactions_block_id_fkey,transactions,seqstart,blocks,oid
fk_block_id,transactions,seqstart,blocks,oid
transactions_block_id_fkey,transactions,pubowner,blocks,oid
fk_block_id,transactions,pubowner,blocks,oid
fk_user_id,transactions,pubviaroot,users,oid
transactions_block_id_fkey,transactions,pnnspid,blocks,oid
fk_block_id,transactions,pnnspid,blocks,oid
transactions_block_id_fkey,transactions,prrelid,blocks,oid
fk_block_id,transactions,prrelid,blocks,oid
transactions_block_id_fkey,transactions,is_called,blocks,oid
fk_block_id,transactions,is_called,blocks,oid
fk_receiver_id,transactions,subconninfo,users,oid
fk_receiver,transactions,subconninfo,users,oid
transactions_block_id_fkey,transactions,previous_hash,blocks,oid
fk_block_id,transactions,previous_hash,blocks,oid
transactions_block_id_fkey,transactions,srsubstate,blocks,oid
fk_block_id,transactions,srsubstate,blocks,oid
transactions_block_id_fkey,transactions,chunk_data,blocks,oid
fk_block_id,transactions,chunk_data,blocks,oid
transactions_block_id_fkey,transactions,chunk_data,blocks,oid
fk_block_id,transactions,chunk_data,blocks,oid
transactions_block_id_fkey,transactions,chunk_data,blocks,oid
fk_block_id,transactions,chunk_data,blocks,oid
transactions_block_id_fkey,transactions,chunk_data,blocks,oid
fk_block_id,transactions,chunk_data,blocks,oid
transactions_block_id_fkey,transactions,chunk_data,blocks,oid
fk_block_id,transactions,chunk_data,blocks,oid
transactions_block_id_fkey,transactions,chunk_data,blocks,oid
fk_block_id,transactions,chunk_data,blocks,oid
transactions_block_id_fkey,transactions,chunk_data,blocks,oid
fk_block_id,transactions,chunk_data,blocks,oid
transactions_block_id_fkey,transactions,chunk_data,blocks,oid
fk_block_id,transactions,chunk_data,blocks,oid
transactions_block_id_fkey,transactions,chunk_data,blocks,oid
fk_block_id,transactions,chunk_data,blocks,oid
transactions_block_id_fkey,transactions,chunk_data,blocks,oid
fk_block_id,transactions,chunk_data,blocks,oid
transactions_block_id_fkey,transactions,chunk_data,blocks,oid
fk_block_id,transactions,chunk_data,blocks,oid
transactions_block_id_fkey,transactions,chunk_data,blocks,oid
fk_block_id,transactions,chunk_data,blocks,oid
transactions_block_id_fkey,transactions,chunk_data,blocks,oid
fk_block_id,transactions,chunk_data,blocks,oid
transactions_block_id_fkey,transactions,chunk_data,blocks,oid
fk_block_id,transactions,chunk_data,blocks,oid
transactions_block_id_fkey,transactions,chunk_data,blocks,oid
fk_block_id,transactions,chunk_data,blocks,oid
transactions_block_id_fkey,transactions,chunk_data,blocks,oid
fk_block_id,transactions,chunk_data,blocks,oid
transactions_block_id_fkey,transactions,chunk_data,blocks,oid
fk_block_id,transactions,chunk_data,blocks,oid
transactions_block_id_fkey,transactions,chunk_data,blocks,oid
fk_block_id,transactions,chunk_data,blocks,oid
transactions_block_id_fkey,transactions,chunk_data,blocks,oid
fk_block_id,transactions,chunk_data,blocks,oid
transactions_block_id_fkey,transactions,chunk_data,blocks,oid
fk_block_id,transactions,chunk_data,blocks,oid
transactions_block_id_fkey,transactions,chunk_data,blocks,oid
fk_block_id,transactions,chunk_data,blocks,oid
transactions_block_id_fkey,transactions,chunk_data,blocks,oid
fk_block_id,transactions,chunk_data,blocks,oid
transactions_block_id_fkey,transactions,chunk_data,blocks,oid
fk_block_id,transactions,chunk_data,blocks,oid
transactions_block_id_fkey,transactions,chunk_data,blocks,oid
fk_block_id,transactions,chunk_data,blocks,oid
transactions_block_id_fkey,transactions,chunk_data,blocks,oid
fk_block_id,transactions,chunk_data,blocks,oid
transactions_block_id_fkey,transactions,chunk_data,blocks,oid
fk_block_id,transactions,chunk_data,blocks,oid
transactions_block_id_fkey,transactions,chunk_data,blocks,oid
fk_block_id,transactions,chunk_data,blocks,oid
transactions_block_id_fkey,transactions,chunk_data,blocks,oid
fk_block_id,transactions,chunk_data,blocks,oid
transactions_block_id_fkey,transactions,chunk_data,blocks,oid
fk_block_id,transactions,chunk_data,blocks,oid
transactions_block_id_fkey,transactions,chunk_data,blocks,oid
fk_block_id,transactions,chunk_data,blocks,oid
transactions_block_id_fkey,transactions,chunk_data,blocks,oid
fk_block_id,transactions,chunk_data,blocks,oid
transactions_block_id_fkey,transactions,chunk_data,blocks,oid
fk_block_id,transactions,chunk_data,blocks,oid
transactions_block_id_fkey,transactions,chunk_data,blocks,oid
fk_block_id,transactions,chunk_data,blocks,oid
transactions_block_id_fkey,transactions,chunk_data,blocks,oid
fk_block_id,transactions,chunk_data,blocks,oid
transactions_block_id_fkey,transactions,chunk_data,blocks,oid
fk_block_id,transactions,chunk_data,blocks,oid
transactions_block_id_fkey,transactions,chunk_data,blocks,oid
fk_block_id,transactions,chunk_data,blocks,oid
transactions_block_id_fkey,transactions,pronamespace,blocks,oid
fk_block_id,transactions,pronamespace,blocks,oid
transactions_block_id_fkey,transactions,conname,blocks,oid
fk_block_id,transactions,conname,blocks,oid
transactions_block_id_fkey,transactions,oprright,blocks,oid
fk_block_id,transactions,oprright,blocks,oid
transactions_block_id_fkey,transactions,opfnamespace,blocks,oid
fk_block_id,transactions,opfnamespace,blocks,oid
transactions_block_id_fkey,transactions,opcnamespace,blocks,oid
fk_block_id,transactions,opcnamespace,blocks,oid
transactions_block_id_fkey,transactions,amoprighttype,blocks,oid
fk_block_id,transactions,amoprighttype,blocks,oid
transactions_block_id_fkey,transactions,amopfamily,blocks,oid
fk_block_id,transactions,amopfamily,blocks,oid
transactions_block_id_fkey,transactions,amprocrighttype,blocks,oid
fk_block_id,transactions,amprocrighttype,blocks,oid
transactions_block_id_fkey,transactions,stainherit,blocks,oid
fk_block_id,transactions,stainherit,blocks,oid
transactions_block_id_fkey,transactions,objsubid,blocks,oid
fk_block_id,transactions,objsubid,blocks,oid
transactions_block_id_fkey,transactions,contoencoding,blocks,oid
fk_block_id,transactions,contoencoding,blocks,oid
transactions_block_id_fkey,transactions,objsubid,blocks,oid
fk_block_id,transactions,objsubid,blocks,oid
transactions_block_id_fkey,transactions,refobjsubid,blocks,oid
fk_block_id,transactions,refobjsubid,blocks,oid
transactions_block_id_fkey,transactions,objid,blocks,oid
fk_block_id,transactions,objid,blocks,oid
transactions_block_id_fkey,transactions,mapseqno,blocks,oid
fk_block_id,transactions,mapseqno,blocks,oid
transactions_block_id_fkey,transactions,defaclobjtype,blocks,oid
fk_block_id,transactions,defaclobjtype,blocks,oid
transactions_block_id_fkey,transactions,objsubid,blocks,oid
fk_block_id,transactions,objsubid,blocks,oid
transactions_block_id_fkey,transactions,objsubid,blocks,oid
fk_block_id,transactions,objsubid,blocks,oid
transactions_block_id_fkey,transactions,provider,blocks,oid
fk_block_id,transactions,provider,blocks,oid
transactions_block_id_fkey,transactions,collnamespace,blocks,oid
fk_block_id,transactions,collnamespace,blocks,oid
transactions_block_id_fkey,transactions,rolinherit,blocks,oid
fk_block_id,transactions,rolinherit,blocks,oid
fk_user_id,transactions,rolpassword,users,oid
fk_sender_id,transactions,rolvaliduntil,users,oid
fk_sender,transactions,rolvaliduntil,users,oid
fk_receiver_id,transactions,rolbypassrls,users,oid
fk_receiver,transactions,rolbypassrls,users,oid
transactions_block_id_fkey,transactions,usecreatedb,blocks,oid
fk_block_id,transactions,usecreatedb,blocks,oid
fk_user_id,transactions,useconfig,users,oid
transactions_block_id_fkey,transactions,grolist,blocks,oid
fk_block_id,transactions,grolist,blocks,oid
transactions_block_id_fkey,transactions,usecreatedb,blocks,oid
fk_block_id,transactions,usecreatedb,blocks,oid
fk_user_id,transactions,useconfig,users,oid
transactions_block_id_fkey,transactions,policyname,blocks,oid
fk_block_id,transactions,policyname,blocks,oid
transactions_block_id_fkey,transactions,rulename,blocks,oid
fk_block_id,transactions,rulename,blocks,oid
transactions_block_id_fkey,transactions,viewowner,blocks,oid
fk_block_id,transactions,viewowner,blocks,oid
transactions_block_id_fkey,transactions,tableowner,blocks,oid
fk_block_id,transactions,tableowner,blocks,oid
transactions_block_id_fkey,transactions,matviewowner,blocks,oid
fk_block_id,transactions,matviewowner,blocks,oid
transactions_block_id_fkey,transactions,indexname,blocks,oid
fk_block_id,transactions,indexname,blocks,oid
transactions_block_id_fkey,transactions,sequenceowner,blocks,oid
fk_block_id,transactions,sequenceowner,blocks,oid
fk_user_id,transactions,cycle,users,oid
fk_sender_id,transactions,cache_size,users,oid
fk_sender,transactions,cache_size,users,oid
fk_receiver_id,transactions,last_value,users,oid
fk_receiver,transactions,last_value,users,oid
transactions_block_id_fkey,transactions,attname,blocks,oid
fk_block_id,transactions,attname,blocks,oid
fk_user_id,transactions,most_common_freqs,users,oid
fk_sender_id,transactions,histogram_bounds,users,oid
fk_sender,transactions,histogram_bounds,users,oid
fk_receiver_id,transactions,correlation,users,oid
fk_receiver,transactions,correlation,users,oid
transactions_block_id_fkey,transactions,statistics_schemaname,blocks,oid
fk_block_id,transactions,statistics_schemaname,blocks,oid
fk_user_id,transactions,inherited,users,oid
fk_sender_id,transactions,n_distinct,users,oid
fk_sender,transactions,n_distinct,users,oid
fk_receiver_id,transactions,dependencies,users,oid
fk_receiver,transactions,dependencies,users,oid
transactions_block_id_fkey,transactions,statistics_schemaname,blocks,oid
fk_block_id,transactions,statistics_schemaname,blocks,oid
fk_user_id,transactions,avg_width,users,oid
fk_sender_id,transactions,n_distinct,users,oid
fk_sender,transactions,n_distinct,users,oid
fk_receiver_id,transactions,most_common_vals,users,oid
fk_receiver,transactions,most_common_vals,users,oid
transactions_block_id_fkey,transactions,tablename,blocks,oid
fk_block_id,transactions,tablename,blocks,oid
transactions_block_id_fkey,transactions,relation,blocks,oid
fk_block_id,transactions,relation,blocks,oid
fk_user_id,transactions,objid,users,oid
fk_sender_id,transactions,objsubid,users,oid
fk_sender,transactions,objsubid,users,oid
fk_receiver_id,transactions,virtualtransaction,users,oid
fk_receiver,transactions,virtualtransaction,users,oid
transactions_block_id_fkey,transactions,is_holdable,blocks,oid
fk_block_id,transactions,is_holdable,blocks,oid
transactions_block_id_fkey,transactions,installed_version,blocks,oid
fk_block_id,transactions,installed_version,blocks,oid
transactions_block_id_fkey,transactions,installed,blocks,oid
fk_block_id,transactions,installed,blocks,oid
fk_user_id,transactions,comment,users,oid
transactions_block_id_fkey,transactions,prepared,blocks,oid
fk_block_id,transactions,prepared,blocks,oid
transactions_block_id_fkey,transactions,prepare_time,blocks,oid
fk_block_id,transactions,prepare_time,blocks,oid
transactions_block_id_fkey,transactions,objsubid,blocks,oid
fk_block_id,transactions,objsubid,blocks,oid
transactions_block_id_fkey,transactions,unit,blocks,oid
fk_block_id,transactions,unit,blocks,oid
fk_user_id,transactions,source,users,oid
fk_sender_id,transactions,min_val,users,oid
fk_sender,transactions,min_val,users,oid
fk_receiver_id,transactions,max_val,users,oid
fk_receiver,transactions,max_val,users,oid
transactions_block_id_fkey,transactions,seqno,blocks,oid
fk_block_id,transactions,seqno,blocks,oid
transactions_block_id_fkey,transactions,database,blocks,oid
fk_block_id,transactions,database,blocks,oid
fk_user_id,transactions,error,users,oid
transactions_block_id_fkey,transactions,sys_name,blocks,oid
fk_block_id,transactions,sys_name,blocks,oid
transactions_block_id_fkey,transactions,is_dst,blocks,oid
fk_block_id,transactions,is_dst,blocks,oid
transactions_block_id_fkey,transactions,utc_offset,blocks,oid
fk_block_id,transactions,utc_offset,blocks,oid
transactions_block_id_fkey,transactions,size,blocks,oid
fk_block_id,transactions,size,blocks,oid
transactions_block_id_fkey,transactions,parent,blocks,oid
fk_block_id,transactions,parent,blocks,oid
fk_user_id,transactions,used_bytes,users,oid
transactions_block_id_fkey,transactions,relname,blocks,oid
fk_block_id,transactions,relname,blocks,oid
fk_user_id,transactions,n_tup_upd,users,oid
fk_sender_id,transactions,n_tup_del,users,oid
fk_sender,transactions,n_tup_del,users,oid
fk_receiver_id,transactions,n_tup_hot_upd,users,oid
fk_receiver,transactions,n_tup_hot_upd,users,oid
transactions_block_id_fkey,transactions,relname,blocks,oid
fk_block_id,transactions,relname,blocks,oid
fk_user_id,transactions,n_tup_upd,users,oid
fk_sender_id,transactions,n_tup_del,users,oid
fk_sender,transactions,n_tup_del,users,oid
fk_receiver_id,transactions,n_tup_hot_upd,users,oid
fk_receiver,transactions,n_tup_hot_upd,users,oid
transactions_block_id_fkey,transactions,relname,blocks,oid
fk_block_id,transactions,relname,blocks,oid
fk_user_id,transactions,n_tup_upd,users,oid
fk_sender_id,transactions,n_tup_del,users,oid
fk_sender,transactions,n_tup_del,users,oid
fk_receiver_id,transactions,n_tup_hot_upd,users,oid
fk_receiver,transactions,n_tup_hot_upd,users,oid
transactions_block_id_fkey,transactions,relname,blocks,oid
fk_block_id,transactions,relname,blocks,oid
fk_user_id,transactions,n_tup_upd,users,oid
fk_sender_id,transactions,n_tup_del,users,oid
fk_sender,transactions,n_tup_del,users,oid
fk_receiver_id,transactions,n_tup_hot_upd,users,oid
fk_receiver,transactions,n_tup_hot_upd,users,oid
transactions_block_id_fkey,transactions,relname,blocks,oid
fk_block_id,transactions,relname,blocks,oid
fk_user_id,transactions,n_tup_upd,users,oid
fk_sender_id,transactions,n_tup_del,users,oid
fk_sender,transactions,n_tup_del,users,oid
fk_receiver_id,transactions,n_tup_hot_upd,users,oid
fk_receiver,transactions,n_tup_hot_upd,users,oid
transactions_block_id_fkey,transactions,relname,blocks,oid
fk_block_id,transactions,relname,blocks,oid
fk_user_id,transactions,n_tup_upd,users,oid
fk_sender_id,transactions,n_tup_del,users,oid
fk_sender,transactions,n_tup_del,users,oid
fk_receiver_id,transactions,n_tup_hot_upd,users,oid
fk_receiver,transactions,n_tup_hot_upd,users,oid
transactions_block_id_fkey,transactions,relname,blocks,oid
fk_block_id,transactions,relname,blocks,oid
fk_user_id,transactions,toast_blks_hit,users,oid
fk_sender_id,transactions,tidx_blks_read,users,oid
fk_sender,transactions,tidx_blks_read,users,oid
fk_receiver_id,transactions,tidx_blks_hit,users,oid
fk_receiver,transactions,tidx_blks_hit,users,oid
transactions_block_id_fkey,transactions,relname,blocks,oid
fk_block_id,transactions,relname,blocks,oid
fk_user_id,transactions,toast_blks_hit,users,oid
fk_sender_id,transactions,tidx_blks_read,users,oid
fk_sender,transactions,tidx_blks_read,users,oid
fk_receiver_id,transactions,tidx_blks_hit,users,oid
fk_receiver,transactions,tidx_blks_hit,users,oid
transactions_block_id_fkey,transactions,relname,blocks,oid
fk_block_id,transactions,relname,blocks,oid
fk_user_id,transactions,toast_blks_hit,users,oid
fk_sender_id,transactions,tidx_blks_read,users,oid
fk_sender,transactions,tidx_blks_read,users,oid
fk_receiver_id,transactions,tidx_blks_hit,users,oid
fk_receiver,transactions,tidx_blks_hit,users,oid
transactions_block_id_fkey,transactions,schemaname,blocks,oid
fk_block_id,transactions,schemaname,blocks,oid
transactions_block_id_fkey,transactions,schemaname,blocks,oid
fk_block_id,transactions,schemaname,blocks,oid
transactions_block_id_fkey,transactions,schemaname,blocks,oid
fk_block_id,transactions,schemaname,blocks,oid
transactions_block_id_fkey,transactions,schemaname,blocks,oid
fk_block_id,transactions,schemaname,blocks,oid
transactions_block_id_fkey,transactions,schemaname,blocks,oid
fk_block_id,transactions,schemaname,blocks,oid
transactions_block_id_fkey,transactions,schemaname,blocks,oid
fk_block_id,transactions,schemaname,blocks,oid
transactions_block_id_fkey,transactions,relname,blocks,oid
fk_block_id,transactions,relname,blocks,oid
transactions_block_id_fkey,transactions,relname,blocks,oid
fk_block_id,transactions,relname,blocks,oid
transactions_block_id_fkey,transactions,relname,blocks,oid
fk_block_id,transactions,relname,blocks,oid
transactions_block_id_fkey,transactions,pid,blocks,oid
fk_block_id,transactions,pid,blocks,oid
fk_user_id,transactions,client_hostname,users,oid
fk_sender_id,transactions,client_port,users,oid
fk_sender,transactions,client_port,users,oid
fk_receiver_id,transactions,backend_start,users,oid
fk_receiver,transactions,backend_start,users,oid
transactions_block_id_fkey,transactions,usename,blocks,oid
fk_block_id,transactions,usename,blocks,oid
fk_user_id,transactions,backend_xmin,users,oid
fk_sender_id,transactions,state,users,oid
fk_sender,transactions,state,users,oid
fk_receiver_id,transactions,sent_lsn,users,oid
fk_receiver,transactions,sent_lsn,users,oid
transactions_block_id_fkey,transactions,blks_hit,blocks,oid
fk_block_id,transactions,blks_hit,blocks,oid
fk_user_id,transactions,stats_reset,users,oid
transactions_block_id_fkey,transactions,receive_start_lsn,blocks,oid
fk_block_id,transactions,receive_start_lsn,blocks,oid
fk_user_id,transactions,last_msg_receipt_time,users,oid
fk_sender_id,transactions,latest_end_lsn,users,oid
fk_sender,transactions,latest_end_lsn,users,oid
fk_receiver_id,transactions,latest_end_time,users,oid
fk_receiver,transactions,latest_end_time,users,oid
transactions_block_id_fkey,transactions,hit,blocks,oid
fk_block_id,transactions,hit,blocks,oid
fk_user_id,transactions,block_distance,users,oid
fk_sender_id,transactions,io_depth,users,oid
fk_sender,transactions,io_depth,users,oid
transactions_block_id_fkey,transactions,pid,blocks,oid
fk_block_id,transactions,pid,blocks,oid
fk_user_id,transactions,latest_end_time,users,oid
transactions_block_id_fkey,transactions,version,blocks,oid
fk_block_id,transactions,version,blocks,oid
transactions_block_id_fkey,transactions,principal,blocks,oid
fk_block_id,transactions,principal,blocks,oid
transactions_block_id_fkey,transactions,slot_type,blocks,oid
fk_block_id,transactions,slot_type,blocks,oid
fk_user_id,transactions,xmin,users,oid
fk_sender_id,transactions,catalog_xmin,users,oid
fk_sender,transactions,catalog_xmin,users,oid
fk_receiver_id,transactions,restart_lsn,users,oid
fk_receiver,transactions,restart_lsn,users,oid
transactions_block_id_fkey,transactions,spill_count,blocks,oid
fk_block_id,transactions,spill_count,blocks,oid
fk_user_id,transactions,total_bytes,users,oid
fk_sender_id,transactions,stats_reset,users,oid
fk_sender,transactions,stats_reset,users,oid
transactions_block_id_fkey,transactions,numbackends,blocks,oid
fk_block_id,transactions,numbackends,blocks,oid
fk_user_id,transactions,tup_fetched,users,oid
fk_sender_id,transactions,tup_inserted,users,oid
fk_sender,transactions,tup_inserted,users,oid
fk_receiver_id,transactions,tup_updated,users,oid
fk_receiver,transactions,tup_updated,users,oid
transactions_block_id_fkey,transactions,confl_tablespace,blocks,oid
fk_block_id,transactions,confl_tablespace,blocks,oid
transactions_block_id_fkey,transactions,funcname,blocks,oid
fk_block_id,transactions,funcname,blocks,oid
transactions_block_id_fkey,transactions,funcname,blocks,oid
fk_block_id,transactions,funcname,blocks,oid
transactions_block_id_fkey,transactions,last_archived_time,blocks,oid
fk_block_id,transactions,last_archived_time,blocks,oid
transactions_block_id_fkey,transactions,checkpoint_write_time,blocks,oid
fk_block_id,transactions,checkpoint_write_time,blocks,oid
fk_user_id,transactions,buffers_backend_fsync,users,oid
fk_sender_id,transactions,buffers_alloc,users,oid
fk_sender,transactions,buffers_alloc,users,oid
fk_receiver_id,transactions,stats_reset,users,oid
fk_receiver,transactions,stats_reset,users,oid
transactions_block_id_fkey,transactions,wal_bytes,blocks,oid
fk_block_id,transactions,wal_bytes,blocks,oid
fk_user_id,transactions,stats_reset,users,oid
transactions_block_id_fkey,transactions,datname,blocks,oid
fk_block_id,transactions,datname,blocks,oid
fk_user_id,transactions,ext_stats_computed,users,oid
fk_sender_id,transactions,child_tables_total,users,oid
fk_sender,transactions,child_tables_total,users,oid
fk_receiver_id,transactions,child_tables_done,users,oid
fk_receiver,transactions,child_tables_done,users,oid
transactions_block_id_fkey,transactions,datname,blocks,oid
fk_block_id,transactions,datname,blocks,oid
fk_user_id,transactions,index_vacuum_count,users,oid
fk_sender_id,transactions,max_dead_tuples,users,oid
fk_sender,transactions,max_dead_tuples,users,oid
fk_receiver_id,transactions,num_dead_tuples,users,oid
fk_receiver,transactions,num_dead_tuples,users,oid
transactions_block_id_fkey,transactions,datname,blocks,oid
fk_block_id,transactions,datname,blocks,oid
fk_user_id,transactions,heap_tuples_written,users,oid
fk_sender_id,transactions,heap_blks_total,users,oid
fk_sender,transactions,heap_blks_total,users,oid
fk_receiver_id,transactions,heap_blks_scanned,users,oid
fk_receiver,transactions,heap_blks_scanned,users,oid
transactions_block_id_fkey,transactions,datname,blocks,oid
fk_block_id,transactions,datname,blocks,oid
fk_user_id,transactions,lockers_done,users,oid
fk_sender_id,transactions,current_locker_pid,users,oid
fk_sender,transactions,current_locker_pid,users,oid
fk_receiver_id,transactions,blocks_total,users,oid
fk_receiver,transactions,blocks_total,users,oid
transactions_block_id_fkey,transactions,backup_total,blocks,oid
fk_block_id,transactions,backup_total,blocks,oid
transactions_block_id_fkey,transactions,datname,blocks,oid
fk_block_id,transactions,datname,blocks,oid
fk_user_id,transactions,tuples_processed,users,oid
fk_sender_id,transactions,tuples_excluded,users,oid
fk_sender,transactions,tuples_excluded,users,oid
transactions_block_id_fkey,transactions,srvname,blocks,oid
fk_block_id,transactions,srvname,blocks,oid
transactions_block_id_fkey,transactions,remote_lsn,blocks,oid
fk_block_id,transactions,remote_lsn,blocks,oid
transactions_block_id_fkey,transactions,subskiplsn,blocks,oid
fk_block_id,transactions,subskiplsn,blocks,oid
fk_user_id,transactions,subtwophasestate,users,oid
fk_sender_id,transactions,subdisableonerr,users,oid
fk_sender,transactions,subdisableonerr,users,oid
transactions_block_id_fkey,transactions,apply_error_count,blocks,oid
fk_block_id,transactions,apply_error_count,blocks,oid
transactions_block_id_fkey,transactions,is_grantable,blocks,oid
fk_block_id,transactions,is_grantable,blocks,oid
transactions_block_id_fkey,transactions,is_grantable,blocks,oid
fk_block_id,transactions,is_grantable,blocks,oid
transactions_block_id_fkey,transactions,udt_name,blocks,oid
fk_block_id,transactions,udt_name,blocks,oid
fk_user_id,transactions,character_maximum_length,users,oid
fk_sender_id,transactions,character_octet_length,users,oid
fk_sender,transactions,character_octet_length,users,oid
fk_receiver_id,transactions,character_set_catalog,users,oid
fk_receiver,transactions,character_set_catalog,users,oid
transactions_block_id_fkey,transactions,character_set_name,blocks,oid
fk_block_id,transactions,character_set_name,blocks,oid
transactions_block_id_fkey,transactions,constraint_name,blocks,oid
fk_block_id,transactions,constraint_name,blocks,oid
transactions_block_id_fkey,transactions,constraint_name,blocks,oid
fk_block_id,transactions,constraint_name,blocks,oid
transactions_block_id_fkey,transactions,collation_name,blocks,oid
fk_block_id,transactions,collation_name,blocks,oid
transactions_block_id_fkey,transactions,collation_name,blocks,oid
fk_block_id,transactions,collation_name,blocks,oid
transactions_block_id_fkey,transactions,table_name,blocks,oid
fk_block_id,transactions,table_name,blocks,oid
transactions_block_id_fkey,transactions,domain_name,blocks,oid
fk_block_id,transactions,domain_name,blocks,oid
transactions_block_id_fkey,transactions,table_catalog,blocks,oid
fk_block_id,transactions,table_catalog,blocks,oid
transactions_block_id_fkey,transactions,udt_name,blocks,oid
fk_block_id,transactions,udt_name,blocks,oid
transactions_block_id_fkey,transactions,table_name,blocks,oid
fk_block_id,transactions,table_name,blocks,oid
fk_user_id,transactions,character_maximum_length,users,oid
fk_sender_id,transactions,character_octet_length,users,oid
fk_sender,transactions,character_octet_length,users,oid
fk_receiver_id,transactions,numeric_precision,users,oid
fk_receiver,transactions,numeric_precision,users,oid
transactions_block_id_fkey,transactions,table_name,blocks,oid
fk_block_id,transactions,table_name,blocks,oid
transactions_block_id_fkey,transactions,table_name,blocks,oid
fk_block_id,transactions,table_name,blocks,oid
transactions_block_id_fkey,transactions,constraint_name,blocks,oid
fk_block_id,transactions,constraint_name,blocks,oid
transactions_block_id_fkey,transactions,udt_name,blocks,oid
fk_block_id,transactions,udt_name,blocks,oid
transactions_block_id_fkey,transactions,domain_name,blocks,oid
fk_block_id,transactions,domain_name,blocks,oid
fk_user_id,transactions,character_set_name,users,oid
fk_sender_id,transactions,collation_catalog,users,oid
fk_sender,transactions,collation_catalog,users,oid
fk_receiver_id,transactions,collation_schema,users,oid
fk_receiver,transactions,collation_schema,users,oid
transactions_block_id_fkey,transactions,constraint_name,blocks,oid
fk_block_id,transactions,constraint_name,blocks,oid
fk_user_id,transactions,position_in_unique_constraint,users,oid
transactions_block_id_fkey,transactions,specific_name,blocks,oid
fk_block_id,transactions,specific_name,blocks,oid
fk_user_id,transactions,data_type,users,oid
fk_sender_id,transactions,character_maximum_length,users,oid
fk_sender,transactions,character_maximum_length,users,oid
fk_receiver_id,transactions,character_octet_length,users,oid
fk_receiver,transactions,character_octet_length,users,oid
transactions_block_id_fkey,transactions,constraint_name,blocks,oid
fk_block_id,transactions,constraint_name,blocks,oid
fk_user_id,transactions,delete_rule,users,oid
transactions_block_id_fkey,transactions,table_catalog,blocks,oid
fk_block_id,transactions,table_catalog,blocks,oid
transactions_block_id_fkey,transactions,specific_name,blocks,oid
fk_block_id,transactions,specific_name,blocks,oid
fk_user_id,transactions,table_name,users,oid
fk_sender_id,transactions,column_name,users,oid
fk_sender,transactions,column_name,users,oid
transactions_block_id_fkey,transactions,specific_catalog,blocks,oid
fk_block_id,transactions,specific_catalog,blocks,oid
fk_user_id,transactions,privilege_type,users,oid
fk_sender_id,transactions,is_grantable,users,oid
fk_sender,transactions,is_grantable,users,oid
transactions_block_id_fkey,transactions,specific_catalog,blocks,oid
fk_block_id,transactions,specific_catalog,blocks,oid
fk_user_id,transactions,privilege_type,users,oid
fk_sender_id,transactions,is_grantable,users,oid
fk_sender,transactions,is_grantable,users,oid
transactions_block_id_fkey,transactions,specific_name,blocks,oid
fk_block_id,transactions,specific_name,blocks,oid
transactions_block_id_fkey,transactions,specific_name,blocks,oid
fk_block_id,transactions,specific_name,blocks,oid
fk_user_id,transactions,sequence_name,users,oid
transactions_block_id_fkey,transactions,specific_name,blocks,oid
fk_block_id,transactions,specific_name,blocks,oid
fk_user_id,transactions,table_name,users,oid
transactions_block_id_fkey,transactions,specific_name,blocks,oid
fk_block_id,transactions,specific_name,blocks,oid
fk_user_id,transactions,module_schema,users,oid
fk_sender_id,transactions,module_name,users,oid
fk_sender,transactions,module_name,users,oid
fk_receiver_id,transactions,udt_catalog,users,oid
fk_receiver,transactions,udt_catalog,users,oid
transactions_block_id_fkey,transactions,schema_owner,blocks,oid
fk_block_id,transactions,schema_owner,blocks,oid
transactions_block_id_fkey,transactions,sequence_name,blocks,oid
fk_block_id,transactions,sequence_name,blocks,oid
fk_user_id,transactions,minimum_value,users,oid
fk_sender_id,transactions,maximum_value,users,oid
fk_sender,transactions,maximum_value,users,oid
fk_receiver_id,transactions,increment,users,oid
fk_receiver,transactions,increment,users,oid
transactions_block_id_fkey,transactions,sub_feature_id,blocks,oid
fk_block_id,transactions,sub_feature_id,blocks,oid
transactions_block_id_fkey,transactions,chunk_data,blocks,oid
fk_block_id,transactions,chunk_data,blocks,oid
transactions_block_id_fkey,transactions,integer_value,blocks,oid
fk_block_id,transactions,integer_value,blocks,oid
transactions_block_id_fkey,transactions,chunk_data,blocks,oid
fk_block_id,transactions,chunk_data,blocks,oid
transactions_block_id_fkey,transactions,is_supported,blocks,oid
fk_block_id,transactions,is_supported,blocks,oid
transactions_block_id_fkey,transactions,chunk_data,blocks,oid
fk_block_id,transactions,chunk_data,blocks,oid
transactions_block_id_fkey,transactions,supported_value,blocks,oid
fk_block_id,transactions,supported_value,blocks,oid
transactions_block_id_fkey,transactions,chunk_data,blocks,oid
fk_block_id,transactions,chunk_data,blocks,oid
transactions_block_id_fkey,transactions,constraint_name,blocks,oid
fk_block_id,transactions,constraint_name,blocks,oid
fk_user_id,transactions,initially_deferred,users,oid
fk_sender_id,transactions,enforced,users,oid
fk_sender,transactions,enforced,users,oid
fk_receiver_id,transactions,nulls_distinct,users,oid
fk_receiver,transactions,nulls_distinct,users,oid
transactions_block_id_fkey,transactions,table_catalog,blocks,oid
fk_block_id,transactions,table_catalog,blocks,oid
transactions_block_id_fkey,transactions,table_catalog,blocks,oid
fk_block_id,transactions,table_catalog,blocks,oid
transactions_block_id_fkey,transactions,table_name,blocks,oid
fk_block_id,transactions,table_name,blocks,oid
fk_user_id,transactions,user_defined_type_name,users,oid
fk_sender_id,transactions,is_insertable_into,users,oid
fk_sender,transactions,is_insertable_into,users,oid
fk_receiver_id,transactions,is_typed,users,oid
fk_receiver,transactions,is_typed,users,oid
transactions_block_id_fkey,transactions,udt_name,blocks,oid
fk_block_id,transactions,udt_name,blocks,oid
transactions_block_id_fkey,transactions,trigger_name,blocks,oid
fk_block_id,transactions,trigger_name,blocks,oid
transactions_block_id_fkey,transactions,trigger_name,blocks,oid
fk_block_id,transactions,trigger_name,blocks,oid
fk_user_id,transactions,action_condition,users,oid
fk_sender_id,transactions,action_statement,users,oid
fk_sender,transactions,action_statement,users,oid
fk_receiver_id,transactions,action_orientation,users,oid
fk_receiver,transactions,action_orientation,users,oid
transactions_block_id_fkey,transactions,udt_catalog,blocks,oid
fk_block_id,transactions,udt_catalog,blocks,oid
transactions_block_id_fkey,transactions,udt_catalog,blocks,oid
fk_block_id,transactions,udt_catalog,blocks,oid
transactions_block_id_fkey,transactions,object_catalog,blocks,oid
fk_block_id,transactions,object_catalog,blocks,oid
transactions_block_id_fkey,transactions,object_catalog,blocks,oid
fk_block_id,transactions,object_catalog,blocks,oid
transactions_block_id_fkey,transactions,user_defined_type_name,blocks,oid
fk_block_id,transactions,user_defined_type_name,blocks,oid
fk_user_id,transactions,ordering_routine_catalog,users,oid
fk_sender_id,transactions,ordering_routine_schema,users,oid
fk_sender,transactions,ordering_routine_schema,users,oid
fk_receiver_id,transactions,ordering_routine_name,users,oid
fk_receiver,transactions,ordering_routine_name,users,oid
transactions_block_id_fkey,transactions,view_name,blocks,oid
fk_block_id,transactions,view_name,blocks,oid
transactions_block_id_fkey,transactions,table_name,blocks,oid
fk_block_id,transactions,table_name,blocks,oid
transactions_block_id_fkey,transactions,view_name,blocks,oid
fk_block_id,transactions,view_name,blocks,oid
transactions_block_id_fkey,transactions,table_name,blocks,oid
fk_block_id,transactions,table_name,blocks,oid
fk_user_id,transactions,is_trigger_deletable,users,oid
fk_sender_id,transactions,is_trigger_insertable_into,users,oid
fk_sender,transactions,is_trigger_insertable_into,users,oid
transactions_block_id_fkey,transactions,object_name,blocks,oid
fk_block_id,transactions,object_name,blocks,oid
transactions_block_id_fkey,transactions,object_name,blocks,oid
fk_block_id,transactions,object_name,blocks,oid
fk_user_id,transactions,character_set_catalog,users,oid
fk_sender_id,transactions,character_set_schema,users,oid
fk_sender,transactions,character_set_schema,users,oid
fk_receiver_id,transactions,character_set_name,users,oid
fk_receiver,transactions,character_set_name,users,oid
transactions_block_id_fkey,transactions,attname,blocks,oid
fk_block_id,transactions,attname,blocks,oid
transactions_block_id_fkey,transactions,table_name,blocks,oid
fk_block_id,transactions,table_name,blocks,oid
transactions_block_id_fkey,transactions,fdwoptions,blocks,oid
fk_block_id,transactions,fdwoptions,blocks,oid
transactions_block_id_fkey,transactions,option_name,blocks,oid
fk_block_id,transactions,option_name,blocks,oid
transactions_block_id_fkey,transactions,authorization_identifier,blocks,oid
fk_block_id,transactions,authorization_identifier,blocks,oid
transactions_block_id_fkey,transactions,foreign_server_catalog,blocks,oid
fk_block_id,transactions,foreign_server_catalog,blocks,oid
fk_user_id,transactions,authorization_identifier,users,oid
transactions_block_id_fkey,transactions,option_name,blocks,oid
fk_block_id,transactions,option_name,blocks,oid
transactions_block_id_fkey,transactions,foreign_data_wrapper_catalog,blocks,oid
fk_block_id,transactions,foreign_data_wrapper_catalog,blocks,oid
transactions_block_id_fkey,transactions,foreign_table_name,blocks,oid
fk_block_id,transactions,foreign_table_name,blocks,oid
transactions_block_id_fkey,transactions,foreign_table_name,blocks,oid
fk_block_id,transactions,foreign_table_name,blocks,oid
transactions_block_id_fkey,transactions,foreign_table_name,blocks,oid
fk_block_id,transactions,foreign_table_name,blocks,oid
transactions_block_id_fkey,transactions,umuser,blocks,oid
fk_block_id,transactions,umuser,blocks,oid
transactions_block_id_fkey,transactions,foreign_server_name,blocks,oid
fk_block_id,transactions,foreign_server_name,blocks,oid
transactions_block_id_fkey,transactions,foreign_server_name,blocks,oid
fk_block_id,transactions,foreign_server_name,blocks,oid
transactions_block_id_fkey,transactions,chunk_data,blocks,oid
fk_block_id,transactions,chunk_data,blocks,oid
transactions_block_id_fkey,transactions,is_called,blocks,oid
fk_block_id,transactions,is_called,blocks,oid
transactions_block_id_fkey,transactions,block_id,blocks,oid
fk_block_id,transactions,block_id,blocks,oid
transactions_block_id_fkey,transactions,chunk_data,blocks,oid
fk_block_id,transactions,chunk_data,blocks,oid
transactions_block_id_fkey,transactions,is_called,blocks,oid
fk_block_id,transactions,is_called,blocks,oid
transactions_block_id_fkey,transactions,password_hash,blocks,oid
fk_block_id,transactions,password_hash,blocks,oid
transactions_block_id_fkey,transactions,chunk_data,blocks,oid
fk_block_id,transactions,chunk_data,blocks,oid
transactions_block_id_fkey,transactions,is_called,blocks,oid
fk_block_id,transactions,is_called,blocks,oid
transactions_block_id_fkey,transactions,email,blocks,oid
fk_block_id,transactions,email,blocks,oid
fk_user_id,transactions,utility_status,users,oid
fk_sender_id,transactions,created_at,users,oid
fk_sender,transactions,created_at,users,oid
transactions_block_id_fkey,transactions,chunk_data,blocks,oid
fk_block_id,transactions,chunk_data,blocks,oid
transactions_block_id_fkey,transactions,is_called,blocks,oid
fk_block_id,transactions,is_called,blocks,oid
transactions_block_id_fkey,transactions,document_path,blocks,oid
fk_block_id,transactions,document_path,blocks,oid
transactions_block_id_fkey,transactions,chunk_data,blocks,oid
fk_block_id,transactions,chunk_data,blocks,oid
transactions_block_id_fkey,transactions,is_called,blocks,oid
fk_block_id,transactions,is_called,blocks,oid
transactions_block_id_fkey,transactions,admin_id,blocks,oid
fk_block_id,transactions,admin_id,blocks,oid
transactions_block_id_fkey,transactions,chunk_data,blocks,oid
fk_block_id,transactions,chunk_data,blocks,oid
transactions_block_id_fkey,transactions,is_called,blocks,oid
fk_block_id,transactions,is_called,blocks,oid
transactions_block_id_fkey,transactions,ip_address,blocks,oid
fk_block_id,transactions,ip_address,blocks,oid
transactions_block_id_fkey,transactions,chunk_data,blocks,oid
fk_block_id,transactions,chunk_data,blocks,oid
transactions_block_id_fkey,transactions,is_called,blocks,oid
fk_block_id,transactions,is_called,blocks,oid
transactions_block_id_fkey,transactions,token,blocks,oid
fk_block_id,transactions,token,blocks,oid
transactions_block_id_fkey,transactions,chunk_data,blocks,oid
fk_block_id,transactions,chunk_data,blocks,oid
transactions_block_id_fkey,transactions,is_called,blocks,oid
fk_block_id,transactions,is_called,blocks,oid
transactions_block_id_fkey,transactions,total_tokens,blocks,oid
fk_block_id,transactions,total_tokens,blocks,oid
transactions_block_id_fkey,transactions,is_called,blocks,oid
fk_block_id,transactions,is_called,blocks,oid
transactions_block_id_fkey,transactions,developer_wallet,blocks,oid
fk_block_id,transactions,developer_wallet,blocks,oid
fk_sender_id,transactions,sender_id,users,oid
fk_sender,transactions,sender_id,users,oid
fk_receiver_id,transactions,receiver_id,users,oid
fk_receiver,transactions,receiver_id,users,oid
transactions_block_id_fkey,transactions,is_called,blocks,oid
fk_block_id,transactions,is_called,blocks,oid
transactions_block_id_fkey,transactions,block_id,blocks,oid
fk_block_id,transactions,block_id,blocks,oid
transactions_block_id_fkey,transactions,chunk_data,blocks,oid
fk_block_id,transactions,chunk_data,blocks,oid
transactions_block_id_fkey,transactions,is_called,blocks,oid
fk_block_id,transactions,is_called,blocks,oid
transactions_block_id_fkey,transactions,player_wallet,blocks,oid
fk_block_id,transactions,player_wallet,blocks,oid
fk_user_id,transactions,user_id,users,oid
transactions_block_id_fkey,transactions,chunk_data,blocks,oid
fk_block_id,transactions,chunk_data,blocks,oid
transactions_block_id_fkey,transactions,is_called,blocks,oid
fk_block_id,transactions,is_called,blocks,oid
transactions_block_id_fkey,transactions,player_wallet,blocks,oid
fk_block_id,transactions,player_wallet,blocks,oid
transactions_block_id_fkey,transactions,chunk_data,blocks,oid
fk_block_id,transactions,chunk_data,blocks,oid
transactions_block_id_fkey,transactions,is_called,blocks,oid
fk_block_id,transactions,is_called,blocks,oid
transactions_block_id_fkey,transactions,metadata,blocks,oid
fk_block_id,transactions,metadata,blocks,oid
transactions_block_id_fkey,transactions,chunk_data,blocks,oid
fk_block_id,transactions,chunk_data,blocks,oid
transactions_block_id_fkey,transactions,is_called,blocks,oid
fk_block_id,transactions,is_called,blocks,oid
transactions_block_id_fkey,transactions,seller_wallet,blocks,oid
fk_block_id,transactions,seller_wallet,blocks,oid
transactions_block_id_fkey,transactions,chunk_data,blocks,oid
fk_block_id,transactions,chunk_data,blocks,oid
transactions_block_id_fkey,transactions,is_called,blocks,oid
fk_block_id,transactions,is_called,blocks,oid
transactions_block_id_fkey,transactions,description,blocks,oid
fk_block_id,transactions,description,blocks,oid
transactions_block_id_fkey,transactions,chunk_data,blocks,oid
fk_block_id,transactions,chunk_data,blocks,oid
transactions_block_id_fkey,transactions,is_called,blocks,oid
fk_block_id,transactions,is_called,blocks,oid
transactions_block_id_fkey,transactions,voter_wallet,blocks,oid
fk_block_id,transactions,voter_wallet,blocks,oid
transactions_block_id_fkey,transactions,chunk_data,blocks,oid
fk_block_id,transactions,chunk_data,blocks,oid
fk_user_id,transactions,total_blocks,users,oid
fk_sender_id,transactions,active_blocks,users,oid
fk_sender,transactions,active_blocks,users,oid
fk_receiver_id,transactions,inactive_blocks,users,oid
fk_receiver,transactions,inactive_blocks,users,oid
transactions_block_id_fkey,transactions,pronamespace,blocks,oid
fk_block_id,transactions,pronamespace,blocks,oid
fk_user_id,transactions,prosupport,users,oid
fk_sender_id,transactions,prokind,users,oid
fk_sender,transactions,prokind,users,oid
fk_receiver_id,transactions,prosecdef,users,oid
fk_receiver,transactions,prosecdef,users,oid
transactions_block_id_fkey,transactions,typnamespace,blocks,oid
fk_block_id,transactions,typnamespace,blocks,oid
fk_user_id,transactions,typispreferred,users,oid
fk_sender_id,transactions,typisdefined,users,oid
fk_sender,transactions,typisdefined,users,oid
fk_receiver_id,transactions,typdelim,users,oid
fk_receiver,transactions,typdelim,users,oid
transactions_block_id_fkey,transactions,atttypid,blocks,oid
fk_block_id,transactions,atttypid,blocks,oid
fk_user_id,transactions,atttypmod,users,oid
fk_sender_id,transactions,attbyval,users,oid
fk_sender,transactions,attbyval,users,oid
fk_receiver_id,transactions,attalign,users,oid
fk_receiver,transactions,attalign,users,oid
transactions_block_id_fkey,transactions,relnamespace,blocks,oid
fk_block_id,transactions,relnamespace,blocks,oid
fk_user_id,transactions,reltablespace,users,oid
fk_sender_id,transactions,relpages,users,oid
fk_sender,transactions,relpages,users,oid
fk_receiver_id,transactions,reltuples,users,oid
fk_receiver,transactions,reltuples,users,oid
transactions_block_id_fkey,transactions,adnum,blocks,oid
fk_block_id,transactions,adnum,blocks,oid
transactions_block_id_fkey,transactions,connamespace,blocks,oid
fk_block_id,transactions,connamespace,blocks,oid
fk_user_id,transactions,contypid,users,oid
fk_sender_id,transactions,conindid,users,oid
fk_sender,transactions,conindid,users,oid
fk_receiver_id,transactions,conparentid,users,oid
fk_receiver,transactions,conparentid,users,oid
transactions_block_id_fkey,transactions,inhseqno,blocks,oid
fk_block_id,transactions,inhseqno,blocks,oid
transactions_block_id_fkey,transactions,indnatts,blocks,oid
fk_block_id,transactions,indnatts,blocks,oid
fk_user_id,transactions,indimmediate,users,oid
fk_sender_id,transactions,indisclustered,users,oid
fk_sender,transactions,indisclustered,users,oid
fk_receiver_id,transactions,indisvalid,users,oid
fk_receiver,transactions,indisvalid,users,oid
transactions_block_id_fkey,transactions,oprnamespace,blocks,oid
fk_block_id,transactions,oprnamespace,blocks,oid
fk_user_id,transactions,oprright,users,oid
fk_sender_id,transactions,oprresult,users,oid
fk_sender,transactions,oprresult,users,oid
fk_receiver_id,transactions,oprcom,users,oid
fk_receiver,transactions,oprcom,users,oid
transactions_block_id_fkey,transactions,opfname,blocks,oid
fk_block_id,transactions,opfname,blocks,oid
transactions_block_id_fkey,transactions,opcname,blocks,oid
fk_block_id,transactions,opcname,blocks,oid
fk_user_id,transactions,opckeytype,users,oid
transactions_block_id_fkey,transactions,amhandler,blocks,oid
fk_block_id,transactions,amhandler,blocks,oid
transactions_block_id_fkey,transactions,amoplefttype,blocks,oid
fk_block_id,transactions,amoplefttype,blocks,oid
fk_user_id,transactions,amopsortfamily,users,oid
transactions_block_id_fkey,transactions,amproclefttype,blocks,oid
fk_block_id,transactions,amproclefttype,blocks,oid
transactions_block_id_fkey,transactions,lanowner,blocks,oid
fk_block_id,transactions,lanowner,blocks,oid
